Year,Month,Monthly Anomaly,Annual Anomaly,5 years Anomaly
1850,1,-0.775,NaN,NaN
1850,2,-0.23,NaN,NaN
1850,3,-0.387,NaN,NaN
1850,4,-0.608,NaN,NaN
1850,5,-0.642,NaN,NaN
1850,6,-0.376,-0.461,NaN
1850,7,-0.197,-0.411,NaN
1850,8,-0.17,-0.428,NaN
1850,9,-0.429,-0.444,NaN
1850,10,-0.612,-0.447,NaN
1850,11,-0.599,-0.422,NaN
1850,12,-0.504,-0.415,NaN
1851,1,-0.183,-0.418,NaN
1851,2,-0.429,-0.43,NaN
1851,3,-0.578,-0.427,NaN
1851,4,-0.641,-0.39,NaN
1851,5,-0.35,-0.375,NaN
1851,6,-0.283,-0.346,NaN
1851,7,-0.233,-0.352,NaN
1851,8,-0.317,-0.36,NaN
1851,9,-0.399,-0.377,NaN
1851,10,-0.166,-0.37,NaN
1851,11,-0.412,-0.355,NaN
1851,12,-0.167,-0.342,NaN
1852,1,-0.252,-0.328,NaN
1852,2,-0.523,-0.331,NaN
1852,3,-0.78,-0.324,NaN
1852,4,-0.554,-0.325,NaN
1852,5,-0.173,-0.338,NaN
1852,6,-0.133,-0.319,-0.352
1852,7,-0.06,-0.329,-0.34
1852,8,-0.358,-0.317,-0.339
1852,9,-0.306,-0.286,-0.338
1852,10,-0.184,-0.263,-0.329
1852,11,-0.57,-0.271,-0.322
1852,12,0.062,-0.277,-0.322
1853,1,-0.365,-0.27,-0.325
1853,2,-0.378,-0.246,-0.326
1853,3,-0.415,-0.254,-0.327
1853,4,-0.275,-0.28,-0.322
1853,5,-0.274,-0.289,-0.319
1853,6,-0.196,-0.323,-0.32
1853,7,0.014,-0.34,-0.317
1853,8,-0.062,-0.359,-0.317
1853,9,-0.404,-0.349,-0.315
1853,10,-0.495,-0.359,-0.311
1853,11,-0.68,-0.361,-0.311
1853,12,-0.346,-0.385,-0.308
1854,1,-0.57,-0.402,-0.31
1854,2,-0.609,-0.414,-0.313
1854,3,-0.286,-0.401,-0.318
1854,4,-0.403,-0.352,-0.327
1854,5,-0.289,-0.316,-0.33
1854,6,-0.492,-0.309,-0.335
1854,7,-0.192,-0.27,-0.34
1854,8,-0.196,-0.234,-0.341
1854,9,-0.256,-0.233,-0.339
1854,10,0.099,-0.206,-0.343
1854,11,-0.257,-0.201,-0.353
1854,12,-0.261,-0.19,-0.36
1855,1,-0.099,-0.207,-0.368
1855,2,-0.172,-0.211,-0.369
1855,3,-0.282,-0.229,-0.372
1855,4,-0.078,-0.265,-0.378
1855,5,-0.23,-0.278,-0.378
1855,6,-0.356,-0.304,-0.383
1855,7,-0.393,-0.295,-0.381
1855,8,-0.248,-0.316,-0.383
1855,9,-0.475,-0.328,-0.382
1855,10,-0.326,-0.356,-0.382
1855,11,-0.414,-0.365,-0.384
1855,12,-0.57,-0.348,-0.385
1856,1,-0.001,-0.341,-0.391
1856,2,-0.423,-0.364,-0.395
1856,3,-0.428,-0.384,-0.397
1856,4,-0.409,-0.415,-0.393
1856,5,-0.342,-0.431,-0.385
1856,6,-0.15,-0.422,-0.388
1856,7,-0.308,-0.467,-0.385
1856,8,-0.521,-0.48,-0.38
1856,9,-0.717,-0.498,-0.38
1856,10,-0.694,-0.532,-0.373
1856,11,-0.609,-0.566,-0.368
1856,12,-0.461,-0.602,-0.362
1857,1,-0.548,-0.619,-0.364
1857,2,-0.575,-0.613,-0.367
1857,3,-0.642,-0.593,-0.371
1857,4,-0.814,-0.581,-0.377
1857,5,-0.756,-0.574,-0.377
1857,6,-0.574,-0.557,-0.374
1857,7,-0.514,-0.531,-0.378
1857,8,-0.455,-0.526,-0.381
1857,9,-0.48,-0.499,-0.388
1857,10,-0.546,-0.455,-0.391
1857,11,-0.525,-0.426,-0.391
1857,12,-0.251,-0.402,-0.389
1858,1,-0.239,-0.386,-0.387
1858,2,-0.519,-0.376,-0.386
1858,3,-0.321,-0.376,-0.383
1858,4,-0.279,-0.355,-0.384
1858,5,-0.414,-0.328,-0.387
1858,6,-0.277,-0.35,-0.392
1858,7,-0.331,-0.362,-0.409
1858,8,-0.324,-0.346,-0.413
1858,9,-0.485,-0.341,-0.416
1858,10,-0.297,-0.316,-0.416
1858,11,-0.201,-0.28,-0.418
1858,12,-0.517,-0.269,-0.422
1859,1,-0.378,-0.268,-0.423
1859,2,-0.326,-0.271,-0.417
1859,3,-0.255,-0.274,-0.412
1859,4,0.016,-0.271,-0.409
1859,5,0.011,-0.272,-0.403
1859,6,-0.134,-0.238,-0.401
1859,7,-0.329,-0.236,-0.408
1859,8,-0.355,-0.237,-0.412
1859,9,-0.525,-0.274,-0.41
1859,10,-0.254,-0.298,-0.406
1859,11,-0.215,-0.317,-0.398
1859,12,-0.114,-0.324,-0.395
1860,1,-0.354,-0.32,-0.392
1860,2,-0.337,-0.309,-0.393
1860,3,-0.699,-0.29,-0.394
1860,4,-0.268,-0.299,-0.393
1860,5,-0.217,-0.328,-0.395
1860,6,-0.222,-0.392,-0.406
1860,7,-0.283,-0.448,-0.404
1860,8,-0.216,-0.476,-0.398
1860,9,-0.298,-0.467,-0.399
1860,10,-0.367,-0.48,-0.398
1860,11,-0.556,-0.501,-0.395
1860,12,-0.884,-0.514,-0.397
1861,1,-1.024,-0.519,-0.398
1861,2,-0.683,-0.518,-0.399
1861,3,-0.588,-0.528,-0.4
1861,4,-0.42,-0.538,-0.403
1861,5,-0.466,-0.511,-0.407
1861,6,-0.387,-0.469,-0.405
1861,7,-0.339,-0.463,-0.408
1861,8,-0.206,-0.472,-0.41
1861,9,-0.414,-0.469,-0.412
1861,10,-0.485,-0.481,-0.419
1861,11,-0.239,-0.467,-0.422
1861,12,-0.38,-0.464,-0.422
1862,1,-0.947,-0.466,-0.42
1862,2,-0.794,-0.492,-0.42
1862,3,-0.555,-0.504,-0.419
1862,4,-0.563,-0.504,-0.421
1862,5,-0.301,-0.536,-0.425
1862,6,-0.344,-0.58,-0.431
1862,7,-0.368,-0.514,-0.423
1862,8,-0.513,-0.46,-0.423
1862,9,-0.562,-0.443,-0.418
1862,10,-0.487,-0.417,-0.42
1862,11,-0.622,-0.411,-0.421
1862,12,-0.903,-0.413,-0.422
1863,1,-0.153,-0.416,-0.421
1863,2,-0.147,-0.406,-0.42
1863,3,-0.352,-0.402,-0.419
1863,4,-0.257,-0.405,-0.417
1863,5,-0.232,-0.386,-0.411
1863,6,-0.367,-0.347,-0.404
1863,7,-0.394,-0.382,-0.386
1863,8,-0.397,-0.405,-0.381
1863,9,-0.518,-0.408,-0.378
1863,10,-0.516,-0.421,-0.38
1863,11,-0.402,-0.414,-0.378
1863,12,-0.426,-0.393,-0.375
1864,1,-0.577,-0.378,-0.368
1864,2,-0.417,-0.374,-0.368
1864,3,-0.394,-0.373,-0.366
1864,4,-0.405,-0.361,-0.362
1864,5,-0.151,-0.362,-0.358
1864,6,-0.12,-0.366,-0.35
1864,7,-0.213,-0.311,-0.337
1864,8,-0.349,-0.302,-0.329
1864,9,-0.505,-0.304,-0.324
1864,10,-0.372,-0.303,-0.317
1864,11,-0.418,-0.313,-0.319
1864,12,-0.464,-0.327,-0.316
1865,1,0.081,-0.325,-0.313
1865,2,-0.31,-0.312,-0.308
1865,3,-0.428,-0.289,-0.301
1865,4,-0.386,-0.277,-0.292
1865,5,-0.276,-0.257,-0.278
1865,6,-0.281,-0.258,-0.265
1865,7,-0.192,-0.262,-0.271
1865,8,-0.198,-0.265,-0.279
1865,9,-0.226,-0.266,-0.278
1865,10,-0.229,-0.276,-0.276
1865,11,-0.172,-0.282,-0.273
1865,12,-0.483,-0.28,-0.269
1866,1,0.04,-0.254,-0.261
1866,2,-0.349,-0.254,-0.255
1866,3,-0.443,-0.259,-0.251
1866,4,-0.509,-0.26,-0.242
1866,5,-0.348,-0.25,-0.241
1866,6,-0.247,-0.202,-0.236
1866,7,0.12,-0.217,-0.229
1866,8,-0.199,-0.215,-0.223
1866,9,-0.294,-0.201,-0.224
1866,10,-0.243,-0.169,-0.221
1866,11,-0.046,-0.173,-0.222
1866,12,0.099,-0.168,-0.222
1867,1,-0.147,-0.191,-0.222
1867,2,-0.318,-0.195,-0.219
1867,3,-0.277,-0.181,-0.212
1867,4,-0.131,-0.158,-0.209
1867,5,-0.388,-0.133,-0.205
1867,6,-0.188,-0.154,-0.204
1867,7,-0.165,-0.183,-0.21
1867,8,-0.241,-0.21,-0.213
1867,9,-0.125,-0.212,-0.212
1867,10,0.027,-0.211,-0.21
1867,11,0.256,-0.185,-0.208
1867,12,-0.15,-0.179,-0.205
1868,1,-0.492,-0.158,-0.203
1868,2,-0.642,-0.141,-0.205
1868,3,-0.302,-0.151,-0.204
1868,4,-0.119,-0.152,-0.206
1868,5,-0.083,-0.201,-0.209
1868,6,-0.108,-0.2,-0.211
1868,7,0.079,-0.175,-0.221
1868,8,-0.037,-0.126,-0.225
1868,9,-0.242,-0.136,-0.222
1868,10,0.009,-0.148,-0.215
1868,11,-0.324,-0.155,-0.215
1868,12,-0.138,-0.16,-0.214
1869,1,-0.2,-0.184,-0.219
1869,2,-0.049,-0.194,-0.219
1869,3,-0.425,-0.18,-0.221
1869,4,-0.258,-0.197,-0.221
1869,5,-0.163,-0.186,-0.23
1869,6,-0.169,-0.208,-0.238
1869,7,-0.208,-0.216,-0.244
1869,8,-0.165,-0.251,-0.246
1869,9,-0.065,-0.244,-0.247
1869,10,-0.203,-0.245,-0.252
1869,11,-0.184,-0.247,-0.249
1869,12,-0.403,-0.24,-0.25
1870,1,-0.296,-0.23,-0.249
1870,2,-0.479,-0.24,-0.246
1870,3,-0.333,-0.251,-0.247
1870,4,-0.267,-0.262,-0.252
1870,5,-0.191,-0.275,-0.263
1870,6,-0.088,-0.291,-0.269
1870,7,-0.084,-0.314,-0.267
1870,8,-0.283,-0.323,-0.258
1870,9,-0.203,-0.319,-0.257
1870,10,-0.334,-0.304,-0.263
1870,11,-0.343,-0.313,-0.267
1870,12,-0.592,-0.325,-0.268
1871,1,-0.564,-0.332,-0.272
1871,2,-0.598,-0.325,-0.274
1871,3,-0.283,-0.342,-0.276
1871,4,-0.087,-0.336,-0.28
1871,5,-0.3,-0.354,-0.281
1871,6,-0.234,-0.34,-0.283
1871,7,-0.158,-0.333,-0.284
1871,8,-0.2,-0.319,-0.287
1871,9,-0.412,-0.327,-0.291
1871,10,-0.263,-0.352,-0.293
1871,11,-0.562,-0.344,-0.294
1871,12,-0.417,-0.347,-0.296
1872,1,-0.478,-0.344,-0.297
1872,2,-0.429,-0.331,-0.297
1872,3,-0.378,-0.314,-0.299
1872,4,-0.391,-0.31,-0.301
1872,5,-0.207,-0.3,-0.305
1872,6,-0.274,-0.308,-0.304
1872,7,-0.117,-0.296,-0.307
1872,8,-0.046,-0.268,-0.305
1872,9,-0.201,-0.26,-0.307
1872,10,-0.218,-0.268,-0.309
1872,11,-0.449,-0.275,-0.311
1872,12,-0.511,-0.269,-0.314
1873,1,-0.332,-0.272,-0.316
1873,2,-0.093,-0.28,-0.316
1873,3,-0.285,-0.294,-0.317
1873,4,-0.486,-0.297,-0.315
1873,5,-0.286,-0.29,-0.319
1873,6,-0.202,-0.268,-0.317
1873,7,-0.155,-0.26,-0.314
1873,8,-0.142,-0.275,-0.308
1873,9,-0.372,-0.305,-0.309
1873,10,-0.249,-0.296,-0.312
1873,11,-0.368,-0.291,-0.316
1873,12,-0.25,-0.301,-0.317
1874,1,-0.235,-0.309,-0.317
1874,2,-0.277,-0.311,-0.319
1874,3,-0.644,-0.294,-0.318
1874,4,-0.377,-0.3,-0.318
1874,5,-0.225,-0.306,-0.317
1874,6,-0.314,-0.313,-0.32
1874,7,-0.25,-0.333,-0.315
1874,8,-0.17,-0.341,-0.309
1874,9,-0.166,-0.326,-0.302
1874,10,-0.322,-0.327,-0.298
1874,11,-0.445,-0.332,-0.295
1874,12,-0.336,-0.328,-0.291
1875,1,-0.475,-0.325,-0.287
1875,2,-0.368,-0.332,-0.282
1875,3,-0.458,-0.341,-0.276
1875,4,-0.392,-0.331,-0.269
1875,5,-0.284,-0.343,-0.259
1875,6,-0.274,-0.355,-0.252
1875,7,-0.214,-0.347,-0.246
1875,8,-0.251,-0.339,-0.238
1875,9,-0.277,-0.326,-0.223
1875,10,-0.193,-0.317,-0.21
1875,11,-0.589,-0.337,-0.206
1875,12,-0.482,-0.341,-0.201
1876,1,-0.386,-0.336,-0.196
1876,2,-0.272,-0.34,-0.192
1876,3,-0.298,-0.347,-0.186
1876,4,-0.285,-0.353,-0.183
1876,5,-0.526,-0.345,-0.177
1876,6,-0.32,-0.355,-0.175
1876,7,-0.156,-0.339,-0.173
1876,8,-0.298,-0.323,-0.172
1876,9,-0.356,-0.294,-0.163
1876,10,-0.268,-0.281,-0.162
1876,11,-0.499,-0.241,-0.162
1876,12,-0.597,-0.219,-0.16
1877,1,-0.194,-0.193,-0.159
1877,2,-0.084,-0.149,-0.161
1877,3,0.053,-0.105,-0.163
1877,4,-0.129,-0.067,-0.16
1877,5,-0.046,-0.009,-0.157
1877,6,-0.05,0.033,-0.16
1877,7,0.152,0.049,-0.158
1877,8,0.232,0.091,-0.161
1877,9,0.168,0.134,-0.158
1877,10,0.19,0.169,-0.157
1877,11,0.198,0.169,-0.156
1877,12,-0.095,0.183,-0.156
1878,1,-0.004,0.182,-0.157
1878,2,0.421,0.17,-0.156
1878,3,0.569,0.155,-0.158
1878,4,0.3,0.134,-0.16
1878,5,-0.054,0.119,-0.154
1878,6,0.122,0.115,-0.15
1878,7,0.142,0.106,-0.145
1878,8,0.082,0.052,-0.143
1878,9,-0.014,-0.002,-0.139
1878,10,-0.053,-0.053,-0.135
1878,11,0.008,-0.07,-0.128
1878,12,-0.132,-0.096,-0.128
1879,1,-0.121,-0.125,-0.128
1879,2,-0.226,-0.152,-0.125
1879,3,-0.08,-0.177,-0.124
1879,4,-0.309,-0.182,-0.124
1879,5,-0.259,-0.207,-0.122
1879,6,-0.191,-0.238,-0.116
1879,7,-0.204,-0.261,-0.111
1879,8,-0.247,-0.284,-0.11
1879,9,-0.316,-0.3,-0.112
1879,10,-0.104,-0.302,-0.115
1879,11,-0.303,-0.3,-0.119
1879,12,-0.5,-0.31,-0.124
1880,1,-0.391,-0.315,-0.132
1880,2,-0.502,-0.31,-0.139
1880,3,-0.276,-0.316,-0.145
1880,4,-0.339,-0.335,-0.155
1880,5,-0.231,-0.326,-0.165
1880,6,-0.309,-0.303,-0.174
1880,7,-0.266,-0.278,-0.18
1880,8,-0.19,-0.252,-0.195
1880,9,-0.386,-0.235,-0.206
1880,10,-0.324,-0.208,-0.216
1880,11,-0.193,-0.195,-0.219
1880,12,-0.228,-0.198,-0.223
1881,1,-0.089,-0.189,-0.23
1881,2,-0.19,-0.184,-0.237
1881,3,-0.075,-0.177,-0.243
1881,4,-0.019,-0.172,-0.246
1881,5,-0.074,-0.189,-0.255
1881,6,-0.348,-0.188,-0.257
1881,7,-0.147,-0.173,-0.259
1881,8,-0.138,-0.155,-0.258
1881,9,-0.301,-0.158,-0.265
1881,10,-0.259,-0.181,-0.269
1881,11,-0.397,-0.197,-0.275
1881,12,-0.22,-0.197,-0.28
1882,1,0.096,-0.214,-0.286
1882,2,0.016,-0.218,-0.29
1882,3,-0.109,-0.211,-0.293
1882,4,-0.293,-0.22,-0.299
1882,5,-0.262,-0.223,-0.304
1882,6,-0.349,-0.255,-0.303
1882,7,-0.352,-0.297,-0.308
1882,8,-0.191,-0.334,-0.307
1882,9,-0.21,-0.333,-0.309
1882,10,-0.366,-0.336,-0.312
1882,11,-0.438,-0.334,-0.317
1882,12,-0.604,-0.315,-0.322
1883,1,-0.407,-0.308,-0.323
1883,2,-0.425,-0.321,-0.327
1883,3,-0.096,-0.332,-0.328
1883,4,-0.332,-0.323,-0.327
1883,5,-0.237,-0.329,-0.331
1883,6,-0.123,-0.3,-0.33
1883,7,-0.263,-0.286,-0.339
1883,8,-0.349,-0.266,-0.347
1883,9,-0.34,-0.3,-0.354
1883,10,-0.259,-0.318,-0.361
1883,11,-0.509,-0.347,-0.365
1883,12,-0.263,-0.38,-0.367
1884,1,-0.237,-0.404,-0.37
1884,2,-0.187,-0.414,-0.375
1884,3,-0.503,-0.43,-0.378
1884,4,-0.552,-0.448,-0.381
1884,5,-0.581,-0.455,-0.384
1884,6,-0.517,-0.469,-0.386
1884,7,-0.555,-0.505,-0.403
1884,8,-0.469,-0.529,-0.416
1884,9,-0.531,-0.518,-0.422
1884,10,-0.469,-0.516,-0.424
1884,11,-0.594,-0.513,-0.427
1884,12,-0.433,-0.518,-0.429
1885,1,-0.672,-0.501,-0.429
1885,2,-0.474,-0.498,-0.435
1885,3,-0.373,-0.489,-0.438
1885,4,-0.524,-0.475,-0.439
1885,5,-0.546,-0.46,-0.438
1885,6,-0.58,-0.437,-0.435
1885,7,-0.351,-0.434,-0.434
1885,8,-0.432,-0.449,-0.436
1885,9,-0.416,-0.463,-0.442
1885,10,-0.305,-0.454,-0.442
1885,11,-0.412,-0.436,-0.444
1885,12,-0.163,-0.427,-0.448
1886,1,-0.639,-0.421,-0.447
1886,2,-0.649,-0.421,-0.446
1886,3,-0.539,-0.427,-0.445
1886,4,-0.412,-0.44,-0.442
1886,5,-0.333,-0.452,-0.437
1886,6,-0.472,-0.47,-0.434
1886,7,-0.277,-0.495,-0.432
1886,8,-0.436,-0.5,-0.425
1886,9,-0.494,-0.495,-0.416
1886,10,-0.458,-0.494,-0.406
1886,11,-0.558,-0.505,-0.399
1886,12,-0.369,-0.507,-0.394
1887,1,-0.939,-0.512,-0.387
1887,2,-0.709,-0.521,-0.384
1887,3,-0.488,-0.513,-0.381
1887,4,-0.396,-0.51,-0.378
1887,5,-0.469,-0.497,-0.377
1887,6,-0.487,-0.501,-0.375
1887,7,-0.344,-0.451,-0.371
1887,8,-0.541,-0.434,-0.37
1887,9,-0.398,-0.431,-0.373
1887,10,-0.424,-0.43,-0.372
1887,11,-0.403,-0.421,-0.371
1887,12,-0.411,-0.407,-0.369
1888,1,-0.339,-0.398,-0.371
1888,2,-0.516,-0.376,-0.372
1888,3,-0.45,-0.367,-0.372
1888,4,-0.382,-0.339,-0.372
1888,5,-0.354,-0.319,-0.376
1888,6,-0.321,-0.294,-0.379
1888,7,-0.244,-0.275,-0.376
1888,8,-0.267,-0.214,-0.375
1888,9,-0.296,-0.173,-0.37
1888,10,-0.09,-0.137,-0.369
1888,11,-0.156,-0.12,-0.368
1888,12,-0.11,-0.11,-0.367
1889,1,-0.119,-0.103,-0.367
1889,2,0.22,-0.105,-0.365
1889,3,0.041,-0.11,-0.361
1889,4,0.057,-0.128,-0.359
1889,5,-0.159,-0.155,-0.358
1889,6,-0.197,-0.173,-0.353
1889,7,-0.156,-0.2,-0.342
1889,8,-0.29,-0.255,-0.333
1889,9,-0.362,-0.305,-0.332
1889,10,-0.299,-0.344,-0.334
1889,11,-0.486,-0.373,-0.332
1889,12,-0.323,-0.397,-0.329
1890,1,-0.451,-0.42,-0.331
1890,2,-0.43,-0.436,-0.329
1890,3,-0.56,-0.444,-0.329
1890,4,-0.421,-0.443,-0.326
1890,5,-0.504,-0.455,-0.332
1890,6,-0.478,-0.459,-0.333
1890,7,-0.436,-0.461,-0.342
1890,8,-0.478,-0.474,-0.344
1890,9,-0.468,-0.446,-0.341
1890,10,-0.287,-0.442,-0.341
1890,11,-0.629,-0.422,-0.341
1890,12,-0.364,-0.413,-0.341
1891,1,-0.478,-0.404,-0.339
1891,2,-0.591,-0.388,-0.339
1891,3,-0.223,-0.371,-0.34
1891,4,-0.369,-0.375,-0.342
1891,5,-0.268,-0.363,-0.345
1891,6,-0.364,-0.34,-0.35
1891,7,-0.328,-0.322,-0.356
1891,8,-0.29,-0.287,-0.367
1891,9,-0.264,-0.305,-0.373
1891,10,-0.33,-0.315,-0.383
1891,11,-0.484,-0.325,-0.387
1891,12,-0.092,-0.318,-0.391
1892,1,-0.265,-0.329,-0.393
1892,2,-0.171,-0.341,-0.393
1892,3,-0.434,-0.352,-0.392
1892,4,-0.485,-0.346,-0.391
1892,5,-0.396,-0.366,-0.389
1892,6,-0.281,-0.399,-0.389
1892,7,-0.452,-0.451,-0.389
1892,8,-0.434,-0.488,-0.39
1892,9,-0.396,-0.476,-0.387
1892,10,-0.256,-0.465,-0.385
1892,11,-0.733,-0.464,-0.382
1892,12,-0.485,-0.466,-0.379
1893,1,-0.889,-0.441,-0.375
1893,2,-0.615,-0.427,-0.372
1893,3,-0.289,-0.423,-0.37
1893,4,-0.354,-0.419,-0.369
1893,5,-0.387,-0.385,-0.361
1893,6,-0.296,-0.377,-0.358
1893,7,-0.16,-0.347,-0.354
1893,8,-0.262,-0.331,-0.348
1893,9,-0.348,-0.334,-0.352
1893,10,-0.214,-0.348,-0.354
1893,11,-0.32,-0.349,-0.354
1893,12,-0.387,-0.362,-0.35
1894,1,-0.533,-0.371,-0.346
1894,2,-0.426,-0.372,-0.343
1894,3,-0.326,-0.37,-0.342
1894,4,-0.522,-0.37,-0.337
1894,5,-0.396,-0.377,-0.333
1894,6,-0.449,-0.37,-0.333
1894,7,-0.265,-0.365,-0.331
1894,8,-0.272,-0.367,-0.333
1894,9,-0.335,-0.375,-0.331
1894,10,-0.216,-0.355,-0.324
1894,11,-0.4,-0.35,-0.318
1894,12,-0.307,-0.336,-0.316
1895,1,-0.463,-0.331,-0.311
1895,2,-0.456,-0.333,-0.308
1895,3,-0.421,-0.333,-0.305
1895,4,-0.286,-0.333,-0.304
1895,5,-0.331,-0.316,-0.297
1895,6,-0.281,-0.304,-0.293
1895,7,-0.211,-0.283,-0.281
1895,8,-0.292,-0.267,-0.279
1895,9,-0.33,-0.27,-0.285
1895,10,-0.222,-0.287,-0.286
1895,11,-0.187,-0.283,-0.286
1895,12,-0.171,-0.27,-0.285
1896,1,-0.209,-0.26,-0.289
1896,2,-0.267,-0.245,-0.29
1896,3,-0.45,-0.233,-0.291
1896,4,-0.494,-0.217,-0.296
1896,5,-0.277,-0.223,-0.299
1896,6,-0.131,-0.215,-0.299
1896,7,-0.092,-0.212,-0.294
1896,8,-0.11,-0.213,-0.295
1896,9,-0.185,-0.2,-0.297
1896,10,-0.026,-0.164,-0.292
1896,11,-0.261,-0.142,-0.289
1896,12,-0.078,-0.145,-0.287
1897,1,-0.167,-0.154,-0.288
1897,2,-0.283,-0.162,-0.286
1897,3,-0.292,-0.168,-0.282
1897,4,-0.067,-0.181,-0.28
1897,5,-0.015,-0.185,-0.273
1897,6,-0.168,-0.198,-0.272
1897,7,-0.191,-0.197,-0.271
1897,8,-0.21,-0.215,-0.264
1897,9,-0.253,-0.244,-0.257
1897,10,-0.191,-0.273,-0.254
1897,11,-0.309,-0.308,-0.25
1897,12,-0.235,-0.314,-0.248
1898,1,-0.154,-0.327,-0.247
1898,2,-0.5,-0.34,-0.245
1898,3,-0.633,-0.352,-0.242
1898,4,-0.413,-0.376,-0.237
1898,5,-0.438,-0.395,-0.238
1898,6,-0.236,-0.408,-0.237
1898,7,-0.349,-0.413,-0.238
1898,8,-0.368,-0.412,-0.235
1898,9,-0.404,-0.395,-0.228
1898,10,-0.476,-0.379,-0.22
1898,11,-0.54,-0.361,-0.219
1898,12,-0.391,-0.372,-0.22
1899,1,-0.21,-0.366,-0.223
1899,2,-0.484,-0.349,-0.224
1899,3,-0.433,-0.325,-0.226
1899,4,-0.218,-0.292,-0.23
1899,5,-0.22,-0.245,-0.231
1899,6,-0.372,-0.235,-0.233
1899,7,-0.275,-0.252,-0.235
1899,8,-0.169,-0.212,-0.232
1899,9,-0.118,-0.174,-0.233
1899,10,-0.077,-0.167,-0.238
1899,11,0.022,-0.155,-0.244
1899,12,-0.264,-0.137,-0.247
1900,1,-0.41,-0.129,-0.249
1900,2,-0.006,-0.129,-0.252
1900,3,0.015,-0.131,-0.254
1900,4,-0.125,-0.121,-0.257
1900,5,-0.081,-0.139,-0.262
1900,6,-0.153,-0.127,-0.266
1900,7,-0.183,-0.115,-0.268
1900,8,-0.171,-0.122,-0.262
1900,9,-0.143,-0.126,-0.256
1900,10,0.046,-0.119,-0.258
1900,11,-0.2,-0.127,-0.259
1900,12,-0.109,-0.134,-0.264
1901,1,-0.272,-0.14,-0.266
1901,2,-0.089,-0.142,-0.269
1901,3,-0.028,-0.153,-0.273
1901,4,-0.048,-0.181,-0.274
1901,5,-0.178,-0.188,-0.274
1901,6,-0.232,-0.199,-0.277
1901,7,-0.258,-0.199,-0.284
1901,8,-0.189,-0.198,-0.287
1901,9,-0.281,-0.228,-0.288
1901,10,-0.285,-0.252,-0.294
1901,11,-0.292,-0.27,-0.299
1901,12,-0.236,-0.281,-0.302
1902,1,-0.275,-0.285,-0.306
1902,2,-0.071,-0.298,-0.312
1902,3,-0.395,-0.306,-0.32
1902,4,-0.335,-0.317,-0.327
1902,5,-0.394,-0.339,-0.332
1902,6,-0.357,-0.361,-0.333
1902,7,-0.31,-0.359,-0.332
1902,8,-0.349,-0.366,-0.342
1902,9,-0.371,-0.359,-0.347
1902,10,-0.418,-0.373,-0.352
1902,11,-0.556,-0.38,-0.355
1902,12,-0.498,-0.397,-0.358
1903,1,-0.254,-0.41,-0.361
1903,2,-0.158,-0.428,-0.363
1903,3,-0.307,-0.449,-0.366
1903,4,-0.506,-0.46,-0.372
1903,5,-0.476,-0.46,-0.372
1903,6,-0.557,-0.462,-0.374
1903,7,-0.468,-0.495,-0.375
1903,8,-0.566,-0.538,-0.379
1903,9,-0.621,-0.554,-0.381
1903,10,-0.559,-0.558,-0.381
1903,11,-0.552,-0.565,-0.383
1903,12,-0.515,-0.562,-0.383
1904,1,-0.657,-0.568,-0.384
1904,2,-0.669,-0.563,-0.385
1904,3,-0.507,-0.562,-0.386
1904,4,-0.555,-0.556,-0.384
1904,5,-0.555,-0.533,-0.386
1904,6,-0.518,-0.517,-0.385
1904,7,-0.538,-0.49,-0.387
1904,8,-0.506,-0.486,-0.395
1904,9,-0.611,-0.47,-0.393
1904,10,-0.489,-0.456,-0.393
1904,11,-0.278,-0.435,-0.395
1904,12,-0.324,-0.419,-0.397
1905,1,-0.331,-0.404,-0.399
1905,2,-0.617,-0.385,-0.401
1905,3,-0.316,-0.362,-0.401
1905,4,-0.383,-0.347,-0.398
1905,5,-0.303,-0.339,-0.398
1905,6,-0.335,-0.334,-0.397
1905,7,-0.36,-0.334,-0.4
1905,8,-0.278,-0.309,-0.402
1905,9,-0.334,-0.293,-0.406
1905,10,-0.31,-0.264,-0.406
1905,11,-0.181,-0.263,-0.403
1905,12,-0.259,-0.256,-0.4
1906,1,-0.33,-0.253,-0.398
1906,2,-0.317,-0.253,-0.396
1906,3,-0.123,-0.253,-0.392
1906,4,-0.039,-0.241,-0.391
1906,5,-0.292,-0.259,-0.393
1906,6,-0.25,-0.25,-0.394
1906,7,-0.327,-0.255,-0.395
1906,8,-0.275,-0.275,-0.392
1906,9,-0.332,-0.288,-0.393
1906,10,-0.172,-0.314,-0.393
1906,11,-0.392,-0.334,-0.393
1906,12,-0.145,-0.353,-0.392
1907,1,-0.398,-0.361,-0.392
1907,2,-0.556,-0.374,-0.389
1907,3,-0.282,-0.38,-0.387
1907,4,-0.35,-0.385,-0.387
1907,5,-0.523,-0.397,-0.389
1907,6,-0.484,-0.423,-0.391
1907,7,-0.42,-0.424,-0.392
1907,8,-0.428,-0.4,-0.39
1907,9,-0.411,-0.427,-0.394
1907,10,-0.231,-0.438,-0.394
1907,11,-0.54,-0.42,-0.395
1907,12,-0.451,-0.407,-0.397
1908,1,-0.411,-0.403,-0.398
1908,2,-0.274,-0.408,-0.4
1908,3,-0.598,-0.404,-0.402
1908,4,-0.489,-0.425,-0.403
1908,5,-0.305,-0.435,-0.41
1908,6,-0.333,-0.444,-0.418
1908,7,-0.366,-0.473,-0.424
1908,8,-0.484,-0.491,-0.429
1908,9,-0.369,-0.489,-0.437
1908,10,-0.478,-0.495,-0.445
1908,11,-0.664,-0.513,-0.449
1908,12,-0.559,-0.526,-0.453
1909,1,-0.763,-0.539,-0.456
1909,2,-0.488,-0.528,-0.459
1909,3,-0.572,-0.537,-0.462
1909,4,-0.56,-0.534,-0.463
1909,5,-0.519,-0.513,-0.462
1909,6,-0.49,-0.507,-0.464
1909,7,-0.52,-0.475,-0.461
1909,8,-0.351,-0.473,-0.455
1909,9,-0.479,-0.471,-0.458
1909,10,-0.449,-0.461,-0.455
1909,11,-0.41,-0.447,-0.451
1909,12,-0.482,-0.441,-0.446
1910,1,-0.381,-0.432,-0.448
1910,2,-0.469,-0.437,-0.45
1910,3,-0.539,-0.433,-0.455
1910,4,-0.438,-0.428,-0.462
1910,5,-0.353,-0.446,-0.461
1910,6,-0.417,-0.467,-0.461
1910,7,-0.423,-0.491,-0.463
1910,8,-0.408,-0.506,-0.467
1910,9,-0.434,-0.512,-0.465
1910,10,-0.389,-0.517,-0.462
1910,11,-0.623,-0.532,-0.464
1910,12,-0.73,-0.539,-0.467
1911,1,-0.672,-0.544,-0.468
1911,2,-0.644,-0.549,-0.465
1911,3,-0.617,-0.554,-0.466
1911,4,-0.494,-0.542,-0.464
1911,5,-0.532,-0.516,-0.458
1911,6,-0.497,-0.478,-0.448
1911,7,-0.489,-0.441,-0.436
1911,8,-0.468,-0.406,-0.432
1911,9,-0.491,-0.392,-0.428
1911,10,-0.252,-0.365,-0.424
1911,11,-0.311,-0.341,-0.419
1911,12,-0.266,-0.318,-0.414
1912,1,-0.226,-0.321,-0.411
1912,2,-0.233,-0.33,-0.408
1912,3,-0.439,-0.345,-0.405
1912,4,-0.171,-0.377,-0.398
1912,5,-0.252,-0.392,-0.394
1912,6,-0.224,-0.411,-0.386
1912,7,-0.513,-0.436,-0.384
1912,8,-0.586,-0.459,-0.378
1912,9,-0.666,-0.459,-0.369
1912,10,-0.642,-0.474,-0.361
1912,11,-0.488,-0.488,-0.355
1912,12,-0.492,-0.509,-0.351
1913,1,-0.529,-0.502,-0.347
1913,2,-0.501,-0.482,-0.342
1913,3,-0.448,-0.461,-0.339
1913,4,-0.349,-0.437,-0.337
1913,5,-0.415,-0.421,-0.329
1913,6,-0.48,-0.38,-0.321
1913,7,-0.422,-0.336,-0.313
1913,8,-0.351,-0.314,-0.305
1913,9,-0.417,-0.304,-0.299
1913,10,-0.349,-0.301,-0.297
1913,11,-0.299,-0.285,-0.293
1913,12,0.004,-0.265,-0.291
1914,1,0.002,-0.254,-0.289
1914,2,-0.241,-0.243,-0.288
1914,3,-0.33,-0.231,-0.286
1914,4,-0.317,-0.203,-0.288
1914,5,-0.221,-0.193,-0.292
1914,6,-0.235,-0.195,-0.301
1914,7,-0.297,-0.215,-0.309
1914,8,-0.213,-0.205,-0.316
1914,9,-0.271,-0.179,-0.32
1914,10,-0.017,-0.146,-0.326
1914,11,-0.176,-0.127,-0.331
1914,12,-0.024,-0.123,-0.336
1915,1,-0.233,-0.115,-0.332
1915,2,-0.128,-0.107,-0.328
1915,3,-0.021,-0.103,-0.323
1915,4,0.085,-0.125,-0.321
1915,5,0.01,-0.121,-0.321
1915,6,-0.192,-0.141,-0.325
1915,7,-0.204,-0.138,-0.325
1915,8,-0.121,-0.142,-0.325
1915,9,-0.212,-0.163,-0.324
1915,10,-0.288,-0.198,-0.327
1915,11,-0.127,-0.226,-0.328
1915,12,-0.264,-0.242,-0.326
1916,1,-0.195,-0.255,-0.325
1916,2,-0.175,-0.275,-0.326
1916,3,-0.272,-0.291,-0.323
1916,4,-0.333,-0.299,-0.318
1916,5,-0.331,-0.334,-0.316
1916,6,-0.382,-0.378,-0.321
1916,7,-0.357,-0.418,-0.324
1916,8,-0.361,-0.459,-0.323
1916,9,-0.403,-0.494,-0.322
1916,10,-0.39,-0.51,-0.319
1916,11,-0.539,-0.531,-0.319
1916,12,-0.799,-0.541,-0.321
1917,1,-0.675,-0.536,-0.321
1917,2,-0.668,-0.533,-0.322
1917,3,-0.688,-0.53,-0.324
1917,4,-0.527,-0.539,-0.328
1917,5,-0.586,-0.534,-0.334
1917,6,-0.501,-0.528,-0.341
1917,7,-0.294,-0.517,-0.339
1917,8,-0.32,-0.504,-0.343
1917,9,-0.371,-0.481,-0.344
1917,10,-0.504,-0.481,-0.348
1917,11,-0.48,-0.472,-0.352
1917,12,-0.727,-0.461,-0.353
1918,1,-0.537,-0.467,-0.354
1918,2,-0.514,-0.474,-0.357
1918,3,-0.415,-0.461,-0.357
1918,4,-0.518,-0.421,-0.354
1918,5,-0.478,-0.398,-0.357
1918,6,-0.376,-0.36,-0.36
1918,7,-0.364,-0.332,-0.359
1918,8,-0.398,-0.307,-0.359
1918,9,-0.218,-0.294,-0.359
1918,10,-0.031,-0.26,-0.358
1918,11,-0.194,-0.24,-0.358
1918,12,-0.278,-0.236,-0.354
1919,1,-0.193,-0.233,-0.351
1919,2,-0.216,-0.223,-0.35
1919,3,-0.266,-0.235,-0.346
1919,4,-0.106,-0.255,-0.34
1919,5,-0.235,-0.285,-0.333
1919,6,-0.329,-0.295,-0.321
1919,7,-0.325,-0.292,-0.315
1919,8,-0.286,-0.302,-0.31
1919,9,-0.356,-0.287,-0.301
1919,10,-0.275,-0.293,-0.294
1919,11,-0.552,-0.293,-0.29
1919,12,-0.397,-0.287,-0.287
1920,1,-0.166,-0.282,-0.285
1920,2,-0.327,-0.279,-0.286
1920,3,-0.089,-0.267,-0.286
1920,4,-0.176,-0.255,-0.284
1920,5,-0.24,-0.232,-0.28
1920,6,-0.254,-0.239,-0.27
1920,7,-0.263,-0.234,-0.266
1920,8,-0.247,-0.223,-0.264
1920,9,-0.212,-0.24,-0.263
1920,10,-0.14,-0.249,-0.259
1920,11,-0.278,-0.255,-0.256
1920,12,-0.474,-0.246,-0.254
1921,1,-0.113,-0.237,-0.254
1921,2,-0.193,-0.24,-0.253
1921,3,-0.291,-0.237,-0.255
1921,4,-0.282,-0.229,-0.255
1921,5,-0.312,-0.216,-0.251
1921,6,-0.15,-0.185,-0.246
1921,7,-0.15,-0.198,-0.247
1921,8,-0.289,-0.215,-0.247
1921,9,-0.173,-0.201,-0.244
1921,10,-0.039,-0.188,-0.246
1921,11,-0.123,-0.193,-0.245
1921,12,-0.104,-0.203,-0.243
1922,1,-0.272,-0.209,-0.242
1922,2,-0.391,-0.216,-0.243
1922,3,-0.13,-0.233,-0.242
1922,4,-0.123,-0.258,-0.243
1922,5,-0.368,-0.268,-0.237
1922,6,-0.267,-0.273,-0.236
1922,7,-0.228,-0.274,-0.24
1922,8,-0.371,-0.274,-0.242
1922,9,-0.377,-0.293,-0.245
1922,10,-0.345,-0.307,-0.246
1922,11,-0.245,-0.301,-0.245
1922,12,-0.155,-0.297,-0.245
1923,1,-0.284,-0.309,-0.246
1923,2,-0.394,-0.306,-0.245
1923,3,-0.364,-0.303,-0.245
1923,4,-0.286,-0.277,-0.245
1923,5,-0.294,-0.253,-0.24
1923,6,-0.222,-0.238,-0.23
1923,7,-0.375,-0.235,-0.224
1923,8,-0.328,-0.222,-0.221
1923,9,-0.348,-0.196,-0.214
1923,10,-0.031,-0.194,-0.211
1923,11,0.041,-0.183,-0.209
1923,12,0.026,-0.184,-0.21
1924,1,-0.249,-0.174,-0.211
1924,2,-0.233,-0.173,-0.208
1924,3,-0.052,-0.172,-0.207
1924,4,-0.266,-0.196,-0.206
1924,5,-0.16,-0.216,-0.205
1924,6,-0.233,-0.247,-0.207
1924,7,-0.257,-0.26,-0.206
1924,8,-0.319,-0.278,-0.203
1924,9,-0.335,-0.295,-0.207
1924,10,-0.315,-0.293,-0.209
1924,11,-0.206,-0.295,-0.206
1924,12,-0.338,-0.298,-0.206
1925,1,-0.408,-0.301,-0.206
1925,2,-0.448,-0.288,-0.202
1925,3,-0.257,-0.278,-0.198
1925,4,-0.244,-0.264,-0.191
1925,5,-0.174,-0.248,-0.188
1925,6,-0.273,-0.206,-0.19
1925,7,-0.29,-0.152,-0.183
1925,8,-0.167,-0.115,-0.177
1925,9,-0.218,-0.083,-0.174
1925,10,-0.143,-0.07,-0.173
1925,11,-0.018,-0.073,-0.173
1925,12,0.173,-0.067,-0.175
1926,1,0.236,-0.062,-0.173
1926,2,-0.007,-0.058,-0.171
1926,3,0.125,-0.05,-0.17
1926,4,-0.084,-0.036,-0.172
1926,5,-0.204,-0.039,-0.175
1926,6,-0.202,-0.071,-0.177
1926,7,-0.229,-0.11,-0.18
1926,8,-0.123,-0.124,-0.185
1926,9,-0.12,-0.166,-0.19
1926,10,0.019,-0.181,-0.192
1926,11,-0.05,-0.179,-0.197
1926,12,-0.214,-0.184,-0.2
1927,1,-0.235,-0.182,-0.203
1927,2,-0.17,-0.187,-0.203
1927,3,-0.384,-0.187,-0.202
1927,4,-0.253,-0.183,-0.199
1927,5,-0.181,-0.184,-0.197
1927,6,-0.264,-0.187,-0.2
1927,7,-0.21,-0.158,-0.197
1927,8,-0.179,-0.145,-0.194
1927,9,-0.124,-0.131,-0.191
1927,10,0.063,-0.126,-0.191
1927,11,-0.061,-0.136,-0.192
1927,12,-0.246,-0.145,-0.191
1928,1,0.118,-0.145,-0.189
1928,2,-0.018,-0.149,-0.188
1928,3,-0.216,-0.161,-0.186
1928,4,-0.196,-0.179,-0.185
1928,5,-0.297,-0.185,-0.183
1928,6,-0.377,-0.175,-0.185
1928,7,-0.203,-0.218,-0.191
1928,8,-0.234,-0.26,-0.194
1928,9,-0.269,-0.276,-0.198
1928,10,-0.145,-0.291,-0.199
1928,11,-0.132,-0.303,-0.199
1928,12,-0.135,-0.307,-0.197
1929,1,-0.399,-0.327,-0.193
1929,2,-0.522,-0.332,-0.192
1929,3,-0.403,-0.332,-0.19
1929,4,-0.38,-0.331,-0.189
1929,5,-0.433,-0.331,-0.189
1929,6,-0.429,-0.36,-0.186
1929,7,-0.441,-0.345,-0.18
1929,8,-0.295,-0.324,-0.18
1929,9,-0.269,-0.3,-0.175
1929,10,-0.13,-0.286,-0.17
1929,11,-0.138,-0.268,-0.169
1929,12,-0.486,-0.252,-0.168
1930,1,-0.217,-0.228,-0.168
1930,2,-0.274,-0.213,-0.168
1930,3,-0.116,-0.202,-0.166
1930,4,-0.205,-0.196,-0.168
1930,5,-0.218,-0.174,-0.172
1930,6,-0.24,-0.134,-0.171
1930,7,-0.146,-0.123,-0.177
1930,8,-0.123,-0.119,-0.181
1930,9,-0.131,-0.116,-0.183
1930,10,-0.058,-0.113,-0.184
1930,11,0.126,-0.111,-0.184
1930,12,-0.002,-0.096,-0.185
1931,1,-0.092,-0.086,-0.186
1931,2,-0.218,-0.076,-0.186
1931,3,-0.083,-0.07,-0.187
1931,4,-0.171,-0.058,-0.188
1931,5,-0.198,-0.072,-0.192
1931,6,-0.06,-0.072,-0.197
1931,7,-0.015,-0.055,-0.194
1931,8,-0.014,-0.051,-0.187
1931,9,-0.055,-0.053,-0.187
1931,10,0.082,-0.035,-0.186
1931,11,-0.039,-0.025,-0.181
1931,12,0.003,-0.039,-0.177
1932,1,0.112,-0.053,-0.172
1932,2,-0.171,-0.069,-0.17
1932,3,-0.105,-0.065,-0.169
1932,4,0.036,-0.075,-0.167
1932,5,-0.077,-0.098,-0.164
1932,6,-0.227,-0.112,-0.156
1932,7,-0.18,-0.142,-0.159
1932,8,-0.208,-0.15,-0.153
1932,9,-0.008,-0.168,-0.154
1932,10,-0.038,-0.195,-0.156
1932,11,-0.306,-0.214,-0.158
1932,12,-0.173,-0.228,-0.158
1933,1,-0.244,-0.237,-0.159
1933,2,-0.274,-0.237,-0.16
1933,3,-0.316,-0.266,-0.162
1933,4,-0.287,-0.281,-0.162
1933,5,-0.31,-0.287,-0.17
1933,6,-0.387,-0.306,-0.173
1933,7,-0.287,-0.307,-0.177
1933,8,-0.211,-0.292,-0.179
1933,9,-0.354,-0.297,-0.183
1933,10,-0.228,-0.301,-0.183
1933,11,-0.373,-0.288,-0.182
1933,12,-0.401,-0.27,-0.184
1934,1,-0.251,-0.259,-0.185
1934,2,-0.093,-0.254,-0.187
1934,3,-0.378,-0.241,-0.188
1934,4,-0.342,-0.225,-0.189
1934,5,-0.154,-0.189,-0.19
1934,6,-0.168,-0.158,-0.189
1934,7,-0.155,-0.167,-0.192
1934,8,-0.153,-0.153,-0.188
1934,9,-0.19,-0.135,-0.189
1934,10,-0.038,-0.134,-0.191
1934,11,0.057,-0.15,-0.19
1934,12,-0.03,-0.154,-0.186
1935,1,-0.36,-0.159,-0.183
1935,2,0.072,-0.165,-0.179
1935,3,-0.165,-0.169,-0.177
1935,4,-0.326,-0.169,-0.174
1935,5,-0.339,-0.206,-0.167
1935,6,-0.224,-0.218,-0.165
1935,7,-0.209,-0.213,-0.159
1935,8,-0.227,-0.247,-0.153
1935,9,-0.238,-0.26,-0.147
1935,10,-0.036,-0.249,-0.141
1935,11,-0.386,-0.235,-0.138
1935,12,-0.183,-0.229,-0.134
1936,1,-0.298,-0.219,-0.13
1936,2,-0.338,-0.21,-0.127
1936,3,-0.318,-0.202,-0.12
1936,4,-0.187,-0.195,-0.113
1936,5,-0.173,-0.168,-0.106
1936,6,-0.159,-0.15,-0.101
1936,7,-0.083,-0.13,-0.097
1936,8,-0.125,-0.096,-0.097
1936,9,-0.134,-0.082,-0.094
1936,10,0.046,-0.075,-0.089
1936,11,-0.069,-0.064,-0.085
1936,12,0.038,-0.05,-0.082
1937,1,-0.056,-0.042,-0.08
1937,2,0.069,-0.029,-0.078
1937,3,-0.155,-0.008,-0.076
1937,4,-0.1,0,-0.076
1937,5,-0.044,0.013,-0.078
1937,6,0.013,0.008,-0.071
1937,7,0.012,0.02,-0.063
1937,8,0.032,0.021,-0.063
1937,9,0.115,0.04,-0.059
1937,10,0.148,0.053,-0.051
1937,11,0.081,0.048,-0.045
1937,12,-0.014,0.036,-0.041
1938,1,0.085,0.029,-0.035
1938,2,0.078,0.023,-0.031
1938,3,0.077,0.017,-0.026
1938,4,0.053,0.023,-0.024
1938,5,-0.1,0.022,-0.019
1938,6,-0.136,0.015,-0.012
1938,7,-0.077,0.005,-0.007
1938,8,-0.031,-0.009,0.001
1938,9,0.04,-0.033,0.005
1938,10,0.218,-0.038,0.008
1938,11,0.075,-0.024,0.011
1938,12,-0.107,-0.011,0.014
1939,1,-0.03,-0.009,0.018
1939,2,-0.088,-0.01,0.019
1939,3,-0.208,-0.017,0.018
1939,4,-0.016,-0.041,0.021
1939,5,0.071,-0.052,0.022
1939,6,0.016,-0.007,0.024
1939,7,-0.049,0.001,0.031
1939,8,-0.046,0.017,0.03
1939,9,-0.043,0.041,0.034
1939,10,-0.068,0.053,0.036
1939,11,-0.058,0.05,0.038
1939,12,0.431,0.05,0.038
1940,1,0.07,0.064,0.037
1940,2,0.109,0.073,0.035
1940,3,0.075,0.082,0.032
1940,4,0.125,0.092,0.03
1940,5,0.036,0.093,0.029
1940,6,0.019,0.075,0.031
1940,7,0.12,0.069,0.029
1940,8,0.054,0.071,0.029
1940,9,0.07,0.059,0.027
1940,10,0.053,0.047,0.029
1940,11,-0.05,0.045,0.032
1940,12,0.22,0.047,0.033
1941,1,-0.004,0.047,0.036
1941,2,0.13,0.04,0.038
1941,3,-0.062,0.017,0.038
1941,4,-0.027,0.031,0.039
1941,5,0.014,0.033,0.041
1941,6,0.047,0.031,0.047
1941,7,0.114,0.061,0.054
1941,8,-0.024,0.05,0.059
1941,9,-0.212,0.062,0.067
1941,10,0.221,0.065,0.07
1941,11,-0.022,0.069,0.072
1941,12,0.199,0.068,0.073
1942,1,0.347,0.056,0.077
1942,2,0.006,0.051,0.081
1942,3,0.079,0.062,0.085
1942,4,0.006,0.045,0.091
1942,5,0.071,0.048,0.093
1942,6,0.032,0.041,0.088
1942,7,-0.033,0.008,0.089
1942,8,-0.085,0.018,0.087
1942,9,-0.081,0.008,0.087
1942,10,0.022,0.018,0.088
1942,11,0.012,0.018,0.088
1942,12,0.112,0.013,0.088
1943,1,-0.043,0.022,0.085
1943,2,0.124,0.037,0.088
1943,3,-0.045,0.046,0.089
1943,4,0.126,0.07,0.092
1943,5,0.078,0.082,0.093
1943,6,-0.034,0.095,0.088
1943,7,0.079,0.131,0.089
1943,8,0.1,0.141,0.086
1943,9,0.02,0.166,0.087
1943,10,0.312,0.169,0.089
1943,11,0.16,0.176,0.087
1943,12,0.269,0.188,0.083
1944,1,0.385,0.196,0.08
1944,2,0.243,0.206,0.078
1944,3,0.255,0.219,0.079
1944,4,0.166,0.217,0.075
1944,5,0.155,0.21,0.074
1944,6,0.109,0.199,0.067
1944,7,0.177,0.175,0.061
1944,8,0.22,0.154,0.061
1944,9,0.182,0.139,0.062
1944,10,0.285,0.143,0.063
1944,11,0.073,0.131,0.061
1944,12,0.134,0.122,0.06
1945,1,0.107,0.107,0.06
1945,2,-0.02,0.107,0.059
1945,3,0.081,0.1,0.058
1945,4,0.215,0.095,0.06
1945,5,0.009,0.09,0.061
1945,6,0.004,0.073,0.058
1945,7,-0.011,0.069,0.06
1945,8,0.222,0.066,0.056
1945,9,0.101,0.062,0.053
1945,10,0.223,0.049,0.049
1945,11,0.008,0.043,0.048
1945,12,-0.061,0.026,0.049
1946,1,0.054,0.021,0.046
1946,2,-0.051,-0.012,0.044
1946,3,0.026,-0.032,0.04
1946,4,0.067,-0.051,0.035
1946,5,-0.066,-0.058,0.029
1946,6,-0.199,-0.074,0.02
1946,7,-0.077,-0.078,0.015
1946,8,-0.172,-0.072,0.007
1946,9,-0.133,-0.064,0.002
1946,10,-0.011,-0.063,-0.003
1946,11,-0.069,-0.062,-0.007
1946,12,-0.253,-0.05,-0.013
1947,1,0.001,-0.047,-0.019
1947,2,0.02,-0.043,-0.024
1947,3,0.124,-0.041,-0.03
1947,4,0.073,-0.03,-0.035
1947,5,-0.054,-0.018,-0.039
1947,6,-0.054,-0.002,-0.042
1947,7,-0.042,0.005,-0.047
1947,8,-0.12,-0.011,-0.053
1947,9,-0.111,-0.04,-0.056
1947,10,0.124,-0.054,-0.063
1947,11,0.071,-0.046,-0.064
1947,12,-0.052,-0.039,-0.065
1948,1,0.075,-0.044,-0.065
1948,2,-0.167,-0.04,-0.072
1948,3,-0.222,-0.044,-0.077
1948,4,-0.096,-0.057,-0.083
1948,5,0.043,-0.079,-0.089
1948,6,0.03,-0.099,-0.091
1948,7,-0.108,-0.098,-0.097
1948,8,-0.064,-0.101,-0.103
1948,9,-0.161,-0.089,-0.106
1948,10,-0.03,-0.09,-0.108
1948,11,-0.192,-0.1,-0.104
1948,12,-0.294,-0.123,-0.099
1949,1,0.084,-0.128,-0.097
1949,2,-0.197,-0.132,-0.091
1949,3,-0.083,-0.133,-0.087
1949,4,-0.103,-0.132,-0.084
1949,5,-0.085,-0.127,-0.082
1949,6,-0.244,-0.108,-0.075
1949,7,-0.172,-0.134,-0.072
1949,8,-0.112,-0.146,-0.069
1949,9,-0.168,-0.149,-0.073
1949,10,-0.022,-0.158,-0.072
1949,11,-0.132,-0.157,-0.07
1949,12,-0.059,-0.138,-0.068
1950,1,-0.233,-0.126,-0.065
1950,2,-0.342,-0.131,-0.061
1950,3,-0.119,-0.133,-0.057
1950,4,-0.205,-0.145,-0.058
1950,5,-0.072,-0.162,-0.061
1950,6,-0.02,-0.172,-0.059
1950,7,-0.025,-0.18,-0.058
1950,8,-0.172,-0.186,-0.052
1950,9,-0.196,-0.188,-0.047
1950,10,-0.16,-0.173,-0.04
1950,11,-0.337,-0.156,-0.037
1950,12,-0.184,-0.146,-0.033
1951,1,-0.332,-0.139,-0.029
1951,2,-0.406,-0.11,-0.025
1951,3,-0.147,-0.085,-0.021
1951,4,-0.024,-0.054,-0.018
1951,5,0.124,-0.025,-0.015
1951,6,0.106,0.007,-0.008
1951,7,0.058,0.05,-0.013
1951,8,0.182,0.097,-0.011
1951,9,0.095,0.103,-0.011
1951,10,0.212,0.113,-0.009
1951,11,0.012,0.108,-0.008
1951,12,0.199,0.107,-0.005
1952,1,0.187,0.112,-0.004
1952,2,0.156,0.106,-0.003
1952,3,-0.07,0.109,-0.002
1952,4,0.093,0.097,0
1952,5,0.066,0.088,0.005
1952,6,0.094,0.079,0.005
1952,7,0.119,0.071,0.013
1952,8,0.114,0.074,0.016
1952,9,0.121,0.088,0.014
1952,10,0.074,0.106,0.015
1952,11,-0.092,0.122,0.013
1952,12,0.091,0.135,0.013
1953,1,0.091,0.136,0.012
1953,2,0.19,0.139,0.017
1953,3,0.098,0.138,0.017
1953,4,0.312,0.142,0.02
1953,5,0.251,0.15,0.022
1953,6,0.253,0.154,0.021
1953,7,0.132,0.129,0.025
1953,8,0.146,0.108,0.029
1953,9,0.115,0.092,0.028
1953,10,0.124,0.066,0.025
1953,11,-0.005,0.043,0.018
1953,12,0.137,0.018,0.014
1954,1,-0.209,-0.003,0.012
1954,2,-0.062,-0.021,0.003
1954,3,-0.091,-0.037,-0.002
1954,4,0,-0.039,-0.01
1954,5,-0.025,-0.025,-0.013
1954,6,-0.042,-0.041,-0.016
1954,7,-0.117,-0.006,-0.021
1954,8,-0.077,-0.012,-0.025
1954,9,-0.074,-0.027,-0.025
1954,10,0.101,-0.037,-0.026
1954,11,0.164,-0.05,-0.025
1954,12,-0.063,-0.05,-0.023
1955,1,0.212,-0.049,-0.025
1955,2,-0.134,-0.031,-0.025
1955,3,-0.265,-0.038,-0.025
1955,4,-0.125,-0.045,-0.025
1955,5,-0.173,-0.079,-0.022
1955,6,-0.048,-0.094,-0.021
1955,7,-0.098,-0.118,-0.017
1955,8,0.129,-0.12,-0.017
1955,9,-0.157,-0.117,-0.017
1955,10,0.014,-0.125,-0.022
1955,11,-0.241,-0.131,-0.025
1955,12,-0.236,-0.14,-0.03
1956,1,-0.081,-0.14,-0.032
1956,2,-0.161,-0.176,-0.036
1956,3,-0.225,-0.181,-0.04
1956,4,-0.22,-0.204,-0.041
1956,5,-0.253,-0.199,-0.04
1956,6,-0.156,-0.179,-0.041
1956,7,-0.088,-0.182,-0.035
1956,8,-0.309,-0.173,-0.034
1956,9,-0.211,-0.162,-0.03
1956,10,-0.267,-0.14,-0.027
1956,11,-0.177,-0.108,-0.025
1956,12,0.003,-0.078,-0.022
1957,1,-0.121,-0.072,-0.02
1957,2,-0.05,-0.034,-0.019
1957,3,-0.092,-0.01,-0.019
1957,4,0.041,0.021,-0.021
1957,5,0.135,0.041,-0.026
1957,6,0.202,0.053,-0.025
1957,7,-0.022,0.092,-0.028
1957,8,0.146,0.112,-0.025
1957,9,0.082,0.13,-0.026
1957,10,0.106,0.128,-0.026
1957,11,0.059,0.123,-0.024
1957,12,0.147,0.101,-0.023
1958,1,0.353,0.102,-0.022
1958,2,0.191,0.084,-0.023
1958,3,0.115,0.068,-0.019
1958,4,0.027,0.064,-0.018
1958,5,0.07,0.063,-0.017
1958,6,-0.062,0.058,-0.01
1958,7,-0.015,0.037,-0.007
1958,8,-0.071,0.024,-0.002
1958,9,-0.106,0.026,0.003
1958,10,0.053,0.04,0.009
1958,11,0.054,0.042,0.016
1958,12,0.083,0.055,0.021
1959,1,0.103,0.059,0.022
1959,2,0.038,0.065,0.028
1959,3,0.134,0.065,0.032
1959,4,0.194,0.06,0.036
1959,5,0.099,0.044,0.04
1959,6,0.09,0.038,0.038
1959,7,0.033,0.029,0.041
1959,8,0,0.034,0.043
1959,9,-0.104,-0.005,0.047
1959,10,-0.009,-0.033,0.047
1959,11,-0.134,-0.046,0.043
1959,12,0.016,-0.054,0.04
1960,1,-0.012,-0.061,0.039
1960,2,0.1,-0.053,0.035
1960,3,-0.337,-0.039,0.033
1960,4,-0.14,-0.032,0.03
1960,5,-0.06,-0.035,0.029
1960,6,-0.006,-0.018,0.027
1960,7,-0.045,-0.013,0.021
1960,8,0.089,-0.007,0.02
1960,9,0.07,0.024,0.014
1960,10,0.073,0.049,0.012
1960,11,-0.169,0.068,0.01
1960,12,0.22,0.079,0.01
1961,1,0.053,0.085,0.012
1961,2,0.165,0.079,0.017
1961,3,0.043,0.076,0.022
1961,4,0.157,0.07,0.023
1961,5,0.172,0.085,0.024
1961,6,0.125,0.057,0.024
1961,7,0.018,0.057,0.021
1961,8,0.016,0.053,0.018
1961,9,0.038,0.06,0.011
1961,10,-0.003,0.052,0.002
1961,11,0.022,0.028,-0.005
1961,12,-0.12,0.018,-0.007
1962,1,0.058,0.01,-0.009
1962,2,0.116,0.003,-0.014
1962,3,0.128,-0.007,-0.018
1962,4,0.051,-0.01,-0.022
1962,5,-0.115,-0.011,-0.024
1962,6,0.008,-0.001,-0.028
1962,7,-0.072,-0.006,-0.029
1962,8,-0.068,-0.007,-0.033
1962,9,-0.089,-0.036,-0.031
1962,10,-0.032,-0.046,-0.032
1962,11,0.005,-0.044,-0.032
1962,12,-0.003,-0.047,-0.033
1963,1,-0.003,-0.035,-0.035
1963,2,0.111,-0.008,-0.038
1963,3,-0.226,0.015,-0.042
1963,4,-0.069,0.029,-0.043
1963,5,-0.096,0.039,-0.042
1963,6,-0.018,0.043,-0.045
1963,7,0.068,0.036,-0.049
1963,8,0.257,0.016,-0.052
1963,9,0.181,0.01,-0.054
1963,10,0.144,-0.013,-0.057
1963,11,0.119,-0.029,-0.061
1963,12,0.043,-0.031,-0.063
1964,1,-0.087,-0.044,-0.062
1964,2,-0.131,-0.09,-0.063
1964,3,-0.299,-0.133,-0.063
1964,4,-0.336,-0.168,-0.066
1964,5,-0.289,-0.199,-0.067
1964,6,-0.043,-0.222,-0.065
1964,7,-0.095,-0.218,-0.067
1964,8,-0.284,-0.222,-0.073
1964,9,-0.34,-0.212,-0.074
1964,10,-0.278,-0.2,-0.075
1964,11,-0.25,-0.182,-0.07
1964,12,-0.236,-0.186,-0.07
1965,1,-0.039,-0.191,-0.068
1965,2,-0.175,-0.172,-0.067
1965,3,-0.182,-0.16,-0.066
1965,4,-0.186,-0.138,-0.065
1965,5,-0.072,-0.122,-0.066
1965,6,-0.099,-0.103,-0.066
1965,7,-0.148,-0.112,-0.07
1965,8,-0.061,-0.101,-0.074
1965,9,-0.196,-0.091,-0.068
1965,10,-0.007,-0.077,-0.068
1965,11,-0.062,-0.079,-0.069
1965,12,-0.004,-0.07,-0.069
1966,1,-0.156,-0.05,-0.074
1966,2,-0.043,-0.048,-0.08
1966,3,-0.059,-0.031,-0.086
1966,4,-0.015,-0.042,-0.087
1966,5,-0.096,-0.039,-0.091
1966,6,0.006,-0.04,-0.092
1966,7,0.093,-0.034,-0.091
1966,8,-0.035,-0.05,-0.091
1966,9,0.01,-0.042,-0.087
1966,10,-0.149,-0.04,-0.078
1966,11,-0.027,-0.015,-0.069
1966,12,-0.006,-0.015,-0.067
1967,1,-0.091,-0.021,-0.066
1967,2,-0.233,-0.017,-0.062
1967,3,0.038,-0.021,-0.055
1967,4,0.004,-0.004,-0.049
1967,5,0.213,-0.01,-0.044
1967,6,-0.002,-0.01,-0.035
1967,7,0.028,-0.02,-0.032
1967,8,0.006,-0.013,-0.026
1967,9,-0.035,-0.007,-0.023
1967,10,0.058,-0.011,-0.019
1967,11,-0.098,-0.039,-0.017
1967,12,-0.012,-0.044,-0.016
1968,1,-0.203,-0.062,-0.014
1968,2,-0.156,-0.072,-0.015
1968,3,0.118,-0.087,-0.01
1968,4,-0.047,-0.084,-0.01
1968,5,-0.122,-0.083,-0.01
1968,6,-0.068,-0.086,-0.012
1968,7,-0.182,-0.073,-0.01
1968,8,-0.115,-0.069,-0.013
1968,9,-0.22,-0.082,-0.016
1968,10,0.092,-0.063,-0.017
1968,11,-0.078,-0.033,-0.016
1968,12,-0.052,-0.017,-0.018
1969,1,-0.04,-0.009,-0.021
1969,2,-0.112,0.001,-0.022
1969,3,-0.033,0.023,-0.023
1969,4,0.177,0.022,-0.021
1969,5,0.234,0.036,-0.022
1969,6,0.122,0.064,-0.024
1969,7,-0.078,0.079,-0.027
1969,8,-0.002,0.102,-0.026
1969,9,0.041,0.107,-0.027
1969,10,0.087,0.098,-0.027
1969,11,0.084,0.079,-0.029
1969,12,0.291,0.065,-0.029
1970,1,0.143,0.069,-0.029
1970,2,0.162,0.06,-0.027
1970,3,0.021,0.065,-0.026
1970,4,0.069,0.058,-0.026
1970,5,0.003,0.046,-0.025
1970,6,-0.041,0.013,-0.02
1970,7,-0.03,-0.003,-0.013
1970,8,-0.105,-0.034,-0.006
1970,9,0.096,-0.055,-0.004
1970,10,0.006,-0.067,0.001
1970,11,-0.063,-0.072,0.008
1970,12,-0.105,-0.079,0.012
1971,1,-0.055,-0.085,0.016
1971,2,-0.203,-0.083,0.019
1971,3,-0.233,-0.094,0.023
1971,4,-0.071,-0.098,0.023
1971,5,-0.065,-0.1,0.025
1971,6,-0.121,-0.101,0.026
1971,7,-0.103,-0.118,0.024
1971,8,-0.075,-0.118,0.02
1971,9,-0.037,-0.099,0.019
1971,10,-0.049,-0.091,0.015
1971,11,-0.085,-0.081,0.011
1971,12,-0.117,-0.067,0.009
1972,1,-0.26,-0.061,0.009
1972,2,-0.195,-0.039,0.012
1972,3,-0.007,-0.034,0.011
1972,4,0.017,-0.029,0.009
1972,5,0.057,-0.022,0.006
1972,6,0.048,0.008,0
1972,7,-0.025,0.05,-0.001
1972,8,0.18,0.09,-0.002
1972,9,0.023,0.106,0
1972,10,0.022,0.13,0.001
1972,11,-0.001,0.147,0.004
1972,12,0.24,0.158,0.006
1973,1,0.245,0.165,0.006
1973,2,0.279,0.155,0.004
1973,3,0.189,0.156,0.002
1973,4,0.305,0.161,0.001
1973,5,0.262,0.163,-0.002
1973,6,0.178,0.143,-0.002
1973,7,0.062,0.11,-0.001
1973,8,0.051,0.061,0
1973,9,0.038,0.035,0
1973,10,0.086,0.004,0
1973,11,0.02,-0.019,-0.003
1973,12,0.005,-0.034,-0.003
1974,1,-0.157,-0.043,-0.003
1974,2,-0.303,-0.031,-0.004
1974,3,-0.124,-0.037,-0.003
1974,4,-0.064,-0.048,-0.006
1974,5,-0.021,-0.056,-0.005
1974,6,0.003,-0.062,0
1974,7,-0.044,-0.045,0.009
1974,8,0.19,-0.009,0.017
1974,9,-0.036,0.013,0.02
1974,10,-0.041,0.028,0.025
1974,11,-0.079,0.047,0.031
1974,12,-0.071,0.051,0.036
1975,1,0.05,0.052,0.04
1975,2,0.127,0.021,0.042
1975,3,0.144,0.021,0.043
1975,4,0.111,0.019,0.045
1975,5,0.21,0.007,0.048
1975,6,0.046,0.004,0.046
1975,7,-0.033,-0.003,0.044
1975,8,-0.178,-0.023,0.043
1975,9,-0.032,-0.055,0.043
1975,10,-0.069,-0.069,0.041
1975,11,-0.223,-0.107,0.04
1975,12,-0.107,-0.125,0.038
1976,1,-0.038,-0.127,0.038
1976,2,-0.107,-0.123,0.035
1976,3,-0.236,-0.123,0.036
1976,4,-0.057,-0.133,0.035
1976,5,-0.252,-0.117,0.037
1976,6,-0.169,-0.094,0.039
1976,7,-0.052,-0.065,0.045
1976,8,-0.139,-0.036,0.049
1976,9,-0.022,0,0.054
1976,10,-0.191,0.031,0.059
1976,11,-0.027,0.085,0.061
1976,12,0.164,0.13,0.063
1977,1,0.313,0.153,0.064
1977,2,0.238,0.189,0.064
1977,3,0.193,0.199,0.069
1977,4,0.313,0.225,0.074
1977,5,0.405,0.243,0.08
1977,6,0.362,0.238,0.09
1977,7,0.233,0.223,0.095
1977,8,0.291,0.219,0.101
1977,9,0.09,0.22,0.105
1977,10,0.121,0.212,0.11
1977,11,0.194,0.194,0.113
1977,12,0.098,0.167,0.116
1978,1,0.137,0.156,0.122
1978,2,0.196,0.117,0.13
1978,3,0.196,0.12,0.134
1978,4,0.225,0.111,0.138
1978,5,0.182,0.108,0.146
1978,6,0.04,0.111,0.152
1978,7,0.099,0.115,0.162
1978,8,-0.17,0.093,0.171
1978,9,0.125,0.093,0.182
1978,10,0.009,0.094,0.189
1978,11,0.156,0.086,0.198
1978,12,0.142,0.092,0.207
1979,1,0.176,0.087,0.214
1979,2,-0.065,0.116,0.224
1979,3,0.192,0.129,0.228
1979,4,0.239,0.149,0.233
1979,5,0.088,0.158,0.237
1979,6,0.111,0.189,0.243
1979,7,0.042,0.206,0.24
1979,8,0.176,0.251,0.238
1979,9,0.282,0.267,0.235
1979,10,0.251,0.282,0.232
1979,11,0.268,0.307,0.228
1979,12,0.512,0.317,0.224
1980,1,0.382,0.341,0.223
1980,2,0.47,0.35,0.219
1980,3,0.378,0.344,0.22
1980,4,0.428,0.337,0.22
1980,5,0.388,0.337,0.219
1980,6,0.231,0.314,0.224
1980,7,0.326,0.33,0.23
1980,8,0.283,0.326,0.234
1980,9,0.211,0.333,0.237
1980,10,0.171,0.326,0.239
1980,11,0.269,0.316,0.243
1980,12,0.233,0.329,0.246
1981,1,0.574,0.334,0.247
1981,2,0.42,0.346,0.256
1981,3,0.459,0.347,0.261
1981,4,0.341,0.346,0.264
1981,5,0.274,0.34,0.266
1981,6,0.38,0.361,0.267
1981,7,0.387,0.325,0.269
1981,8,0.431,0.303,0.272
1981,9,0.223,0.264,0.274
1981,10,0.153,0.244,0.273
1981,11,0.203,0.237,0.278
1981,12,0.489,0.215,0.278
1982,1,0.132,0.196,0.278
1982,2,0.161,0.167,0.278
1982,3,-0.014,0.16,0.277
1982,4,0.108,0.159,0.274
1982,5,0.194,0.149,0.27
1982,6,0.117,0.145,0.261
1982,7,0.149,0.174,0.259
1982,8,0.085,0.198,0.252
1982,9,0.145,0.23,0.249
1982,10,0.135,0.25,0.244
1982,11,0.093,0.267,0.241
1982,12,0.433,0.278,0.24
1983,1,0.488,0.28,0.235
1983,2,0.445,0.303,0.234
1983,3,0.373,0.325,0.233
1983,4,0.343,0.328,0.232
1983,5,0.401,0.342,0.229
1983,6,0.241,0.326,0.228
1983,7,0.174,0.309,0.223
1983,8,0.368,0.283,0.223
1983,9,0.409,0.277,0.219
1983,10,0.167,0.263,0.219
1983,11,0.264,0.262,0.219
1983,12,0.233,0.25,0.215
1984,1,0.288,0.24,0.21
1984,2,0.14,0.223,0.206
1984,3,0.293,0.207,0.204
1984,4,0.176,0.202,0.204
1984,5,0.388,0.178,0.202
1984,6,0.095,0.157,0.197
1984,7,0.058,0.157,0.201
1984,8,0.164,0.149,0.205
1984,9,0.214,0.14,0.209
1984,10,0.109,0.139,0.212
1984,11,-0.016,0.124,0.214
1984,12,-0.027,0.13,0.218
1985,1,0.288,0.125,0.224
1985,2,0.047,0.13,0.228
1985,3,0.179,0.124,0.231
1985,4,0.17,0.126,0.234
1985,5,0.204,0.133,0.236
1985,6,0.176,0.153,0.238
1985,7,-0.002,0.148,0.239
1985,8,0.214,0.18,0.238
1985,9,0.151,0.187,0.24
1985,10,0.129,0.2,0.243
1985,11,0.063,0.206,0.244
1985,12,0.214,0.201,0.247
1986,1,0.236,0.211,0.25
1986,2,0.427,0.209,0.251
1986,3,0.263,0.204,0.25
1986,4,0.322,0.206,0.253
1986,5,0.277,0.208,0.25
1986,6,0.117,0.206,0.251
1986,7,0.114,0.215,0.247
1986,8,0.193,0.213,0.251
1986,9,0.097,0.21,0.251
1986,10,0.154,0.208,0.254
1986,11,0.084,0.211,0.25
1986,12,0.188,0.234,0.251
1987,1,0.346,0.262,0.255
1987,2,0.401,0.274,0.258
1987,3,0.222,0.295,0.26
1987,4,0.299,0.309,0.264
1987,5,0.318,0.319,0.267
1987,6,0.392,0.347,0.275
1987,7,0.453,0.364,0.277
1987,8,0.33,0.367,0.283
1987,9,0.357,0.387,0.293
1987,10,0.32,0.404,0.301
1987,11,0.207,0.416,0.306
1987,12,0.517,0.42,0.31
1988,1,0.557,0.41,0.318
1988,2,0.43,0.418,0.32
1988,3,0.467,0.421,0.323
1988,4,0.506,0.421,0.328
1988,5,0.458,0.409,0.334
1988,6,0.444,0.392,0.338
1988,7,0.335,0.352,0.341
1988,8,0.424,0.346,0.343
1988,9,0.387,0.333,0.345
1988,10,0.325,0.319,0.35
1988,11,0.066,0.292,0.352
1988,12,0.302,0.268,0.359
1989,1,0.078,0.268,0.366
1989,2,0.359,0.261,0.371
1989,3,0.31,0.258,0.377
1989,4,0.34,0.259,0.38
1989,5,0.129,0.266,0.383
1989,6,0.164,0.279,0.387
1989,7,0.333,0.308,0.389
1989,8,0.335,0.311,0.39
1989,9,0.353,0.347,0.394
1989,10,0.342,0.372,0.395
1989,11,0.148,0.406,0.395
1989,12,0.457,0.427,0.393
1990,1,0.427,0.438,0.388
1990,2,0.395,0.44,0.384
1990,3,0.738,0.436,0.377
1990,4,0.645,0.447,0.373
1990,5,0.541,0.469,0.37
1990,6,0.411,0.467,0.366
1990,7,0.465,0.468,0.363
1990,8,0.355,0.479,0.363
1990,9,0.311,0.449,0.362
1990,10,0.465,0.445,0.359
1990,11,0.413,0.436,0.358
1990,12,0.44,0.448,0.355
1991,1,0.441,0.453,0.355
1991,2,0.523,0.461,0.351
1991,3,0.378,0.472,0.348
1991,4,0.592,0.463,0.347
1991,5,0.441,0.453,0.348
1991,6,0.551,0.449,0.347
1991,7,0.522,0.453,0.351
1991,8,0.453,0.447,0.347
1991,9,0.45,0.454,0.348
1991,10,0.347,0.433,0.35
1991,11,0.297,0.424,0.353
1991,12,0.39,0.401,0.358
1992,1,0.497,0.369,0.357
1992,2,0.445,0.34,0.356
1992,3,0.466,0.3,0.356
1992,4,0.334,0.275,0.358
1992,5,0.332,0.252,0.362
1992,6,0.284,0.242,0.361
1992,7,0.129,0.235,0.363
1992,8,0.11,0.233,0.369
1992,9,-0.034,0.226,0.365
1992,10,0.053,0.229,0.364
1992,11,0.018,0.231,0.361
1992,12,0.266,0.233,0.363
1993,1,0.412,0.245,0.364
1993,2,0.429,0.253,0.367
1993,3,0.384,0.273,0.369
1993,4,0.363,0.293,0.37
1993,5,0.354,0.301,0.371
1993,6,0.309,0.3,0.369
1993,7,0.28,0.291,0.367
1993,8,0.207,0.264,0.368
1993,9,0.196,0.263,0.369
1993,10,0.292,0.27,0.367
1993,11,0.125,0.27,0.365
1993,12,0.247,0.282,0.361
1994,1,0.305,0.282,0.358
1994,2,0.11,0.285,0.359
1994,3,0.366,0.298,0.357
1994,4,0.445,0.311,0.354
1994,5,0.356,0.336,0.357
1994,6,0.452,0.348,0.358
1994,7,0.289,0.367,0.356
1994,8,0.241,0.422,0.356
1994,9,0.343,0.432,0.357
1994,10,0.451,0.443,0.36
1994,11,0.425,0.445,0.362
1994,12,0.392,0.451,0.367
1995,1,0.529,0.472,0.372
1995,2,0.775,0.497,0.378
1995,3,0.481,0.502,0.388
1995,4,0.58,0.507,0.399
1995,5,0.381,0.511,0.41
1995,6,0.52,0.506,0.417
1995,7,0.543,0.49,0.421
1995,8,0.538,0.474,0.428
1995,9,0.405,0.472,0.433
1995,10,0.516,0.461,0.441
1995,11,0.466,0.457,0.447
1995,12,0.343,0.437,0.456
1996,1,0.335,0.423,0.463
1996,2,0.585,0.422,0.472
1996,3,0.449,0.412,0.477
1996,4,0.454,0.387,0.481
1996,5,0.329,0.384,0.487
1996,6,0.281,0.395,0.494
1996,7,0.372,0.398,0.497
1996,8,0.527,0.385,0.507
1996,9,0.289,0.393,0.507
1996,10,0.211,0.397,0.506
1996,11,0.429,0.406,0.506
1996,12,0.481,0.434,0.506
1997,1,0.369,0.437,0.508
1997,2,0.424,0.431,0.51
1997,3,0.556,0.455,0.512
1997,4,0.491,0.496,0.511
1997,5,0.44,0.519,0.511
1997,6,0.621,0.534,0.512
1997,7,0.408,0.558,0.509
1997,8,0.456,0.596,0.506
1997,9,0.572,0.607,0.508
1997,10,0.701,0.633,0.509
1997,11,0.707,0.66,0.509
1997,12,0.662,0.674,0.508
1998,1,0.654,0.701,0.505
1998,2,0.885,0.726,0.504
1998,3,0.682,0.72,0.505
1998,4,0.803,0.703,0.501
1998,5,0.767,0.684,0.499
1998,6,0.793,0.684,0.5
1998,7,0.73,0.672,0.503
1998,8,0.758,0.656,0.501
1998,9,0.502,0.631,0.504
1998,10,0.491,0.599,0.506
1998,11,0.485,0.564,0.511
1998,12,0.66,0.535,0.516
1999,1,0.506,0.507,0.519
1999,2,0.692,0.475,0.519
1999,3,0.383,0.472,0.523
1999,4,0.417,0.464,0.528
1999,5,0.349,0.457,0.533
1999,6,0.441,0.442,0.536
1999,7,0.402,0.428,0.543
1999,8,0.37,0.42,0.548
1999,9,0.466,0.435,0.554
1999,10,0.399,0.454,0.557
1999,11,0.393,0.459,0.561
1999,12,0.487,0.46,0.561
2000,1,0.333,0.459,0.564
2000,2,0.596,0.468,0.566
2000,3,0.569,0.468,0.568
2000,4,0.637,0.458,0.566
2000,5,0.414,0.453,0.564
2000,6,0.45,0.442,0.563
2000,7,0.391,0.457,0.565
2000,8,0.482,0.449,0.561
2000,9,0.463,0.452,0.559
2000,10,0.278,0.45,0.557
2000,11,0.339,0.466,0.555
2000,12,0.352,0.476,0.55
2001,1,0.514,0.492,0.547
2001,2,0.501,0.492,0.546
2001,3,0.608,0.5,0.549
2001,4,0.61,0.519,0.553
2001,5,0.602,0.55,0.554
2001,6,0.568,0.577,0.556
2001,7,0.581,0.598,0.559
2001,8,0.489,0.617,0.559
2001,9,0.553,0.645,0.564
2001,10,0.508,0.651,0.568
2001,11,0.712,0.658,0.57
2001,12,0.675,0.659,0.57
2002,1,0.77,0.661,0.567
2002,2,0.727,0.668,0.569
2002,3,0.938,0.679,0.571
2002,4,0.685,0.688,0.575
2002,5,0.695,0.678,0.58
2002,6,0.58,0.669,0.581
2002,7,0.601,0.672,0.588
2002,8,0.574,0.663,0.59
2002,9,0.679,0.634,0.594
2002,10,0.621,0.63,0.596
2002,11,0.585,0.628,0.601
2002,12,0.574,0.621,0.605
2003,1,0.805,0.618,0.609
2003,2,0.617,0.626,0.611
2003,3,0.595,0.627,0.616
2003,4,0.634,0.637,0.625
2003,5,0.669,0.633,0.631
2003,6,0.5,0.651,0.638
2003,7,0.566,0.638,0.641
2003,8,0.664,0.648,0.646
2003,9,0.691,0.651,0.648
2003,10,0.747,0.656,0.648
2003,11,0.539,0.637,0.647
2003,12,0.786,0.632,0.649
2004,1,0.647,0.607,0.647
2004,2,0.735,0.591,0.652
2004,3,0.638,0.58,0.653
2004,4,0.695,0.571,0.657
2004,5,0.431,0.584,0.657
2004,6,0.448,0.565,0.66
2004,7,0.264,0.577,0.663
2004,8,0.476,0.573,0.664
2004,9,0.554,0.585,0.66
2004,10,0.636,0.591,0.663
2004,11,0.703,0.614,0.663
2004,12,0.554,0.635,0.664
2005,1,0.79,0.665,0.665
2005,2,0.684,0.679,0.666
2005,3,0.787,0.695,0.665
2005,4,0.767,0.71,0.665
2005,5,0.704,0.712,0.665
2005,6,0.704,0.73,0.665
2005,7,0.621,0.718,0.656
2005,8,0.648,0.73,0.652
2005,9,0.739,0.724,0.654
2005,10,0.817,0.711,0.653
2005,11,0.73,0.699,0.651
2005,12,0.774,0.697,0.652
2006,1,0.645,0.686,0.652
2006,2,0.829,0.694,0.649
2006,3,0.706,0.686,0.649
2006,4,0.615,0.678,0.649
2006,5,0.557,0.676,0.651
2006,6,0.682,0.682,0.648
2006,7,0.487,0.711,0.649
2006,8,0.749,0.706,0.646
2006,9,0.646,0.706,0.644
2006,10,0.71,0.727,0.644
2006,11,0.713,0.74,0.648
2006,12,0.844,0.735,0.652
2007,1,0.991,0.749,0.66
2007,2,0.772,0.74,0.665
2007,3,0.701,0.737,0.668
2007,4,0.874,0.731,0.67
2007,5,0.715,0.722,0.671
2007,6,0.621,0.695,0.675
2007,7,0.65,0.638,0.675
2007,8,0.64,0.604,0.679
2007,9,0.61,0.603,0.682
2007,10,0.641,0.58,0.685
2007,11,0.599,0.568,0.687
2007,12,0.521,0.559,0.687
2008,1,0.309,0.554,0.687
2008,2,0.367,0.541,0.688
2008,3,0.688,0.547,0.687
2008,4,0.598,0.554,0.686
2008,5,0.569,0.559,0.686
2008,6,0.521,0.566,0.683
2008,7,0.585,0.599,0.683
2008,8,0.49,0.618,0.678
2008,9,0.681,0.604,0.678
2008,10,0.715,0.609,0.68
2008,11,0.67,0.617,0.68
2008,12,0.597,0.632,0.68
2009,1,0.711,0.649,0.685
2009,2,0.591,0.67,0.687
2009,3,0.521,0.675,0.686
2009,4,0.655,0.676,0.685
2009,5,0.667,0.686,0.683
2009,6,0.701,0.702,0.679
2009,7,0.787,0.711,0.671
2009,8,0.745,0.738,0.667
2009,9,0.744,0.772,0.664
2009,10,0.723,0.8,0.662
2009,11,0.788,0.812,0.664
2009,12,0.785,0.811,0.665
2010,1,0.826,0.797,0.664
2010,2,0.911,0.793,0.666
2010,3,0.932,0.788,0.668
2010,4,0.986,0.79,0.672
2010,5,0.813,0.789,0.675
2010,6,0.695,0.772,0.677
2010,7,0.614,0.753,0.684
2010,8,0.697,0.725,0.688
2010,9,0.681,0.706,0.688
2010,10,0.749,0.684,0.689
2010,11,0.781,0.665,0.691
2010,12,0.572,0.664,0.694
2011,1,0.608,0.678,0.694
2011,2,0.574,0.688,0.698
2011,3,0.701,0.682,0.7
2011,4,0.719,0.675,0.7
2011,5,0.588,0.657,0.702
2011,6,0.682,0.663,0.705
2011,7,0.789,0.652,0.706
2011,8,0.815,0.648,0.706
2011,9,0.6,0.633,0.71
2011,10,0.665,0.637,0.714
2011,11,0.57,0.657,0.718
2011,12,0.64,0.659,0.717
2012,1,0.477,0.641,0.714
2012,2,0.526,0.635,0.717
2012,3,0.523,0.649,0.72
2012,4,0.774,0.665,0.722
2012,5,0.82,0.686,0.719
2012,6,0.704,0.683,0.72
2012,7,0.573,0.705,0.72
2012,8,0.745,0.712,0.72
2012,9,0.775,0.725,0.72
2012,10,0.856,0.714,0.718
2012,11,0.814,0.702,0.719
2012,12,0.611,0.702,0.721
2013,1,0.737,0.704,0.723
2013,2,0.609,0.703,0.726
2013,3,0.685,0.704,0.73
2013,4,0.639,0.692,0.735
2013,5,0.68,0.694,0.739
2013,6,0.7,0.705,0.75
2013,7,0.598,0.709,0.76
2013,8,0.728,0.707,0.773
2013,9,0.794,0.715,0.783
2013,10,0.708,0.733,0.791
2013,11,0.844,0.752,0.799
2013,12,0.74,0.751,0.801
2014,1,0.784,0.75,0.802
2014,2,0.577,0.764,0.806
2014,3,0.785,0.776,0.812
2014,4,0.861,0.788,0.817
2014,5,0.904,0.771,0.823
2014,6,0.687,0.777,0.829
2014,7,0.589,0.783,0.839
2014,8,0.895,0.809,0.85
2014,9,0.933,0.82,0.861
2014,10,0.856,0.82,0.866
2014,11,0.636,0.817,0.869
2014,12,0.815,0.829,0.87
2015,1,0.858,0.842,0.874
2015,2,0.891,0.841,0.877
2015,3,0.911,0.838,0.877
2015,4,0.862,0.857,0.878
2015,5,0.867,0.89,0.879
2015,6,0.833,0.921,0.886
2015,7,0.749,0.952,0.888
2015,8,0.876,0.988,0.893
2015,9,0.897,1.023,0.897
2015,10,1.092,1.05,0.903
2015,11,1.027,1.066,0.906
2015,12,1.189,1.066,0.908
2016,1,1.237,1.075,0.912
2016,2,1.321,1.089,0.914
2016,3,1.328,1.092,0.914
2016,4,1.183,1.081,0.919
2016,5,1.056,1.076,0.919
2016,6,0.845,1.059,0.923
2016,7,0.853,1.045,0.926
2016,8,1.048,1.033,0.932
2016,9,0.927,1.024,0.94
2016,10,0.962,1.013,0.944
2016,11,0.969,1.008,0.945
2016,12,0.979,0.999,0.948
2017,1,1.077,0.998,0.955
2017,2,1.169,0.987,0.957
2017,3,1.221,0.975,0.957
2017,4,1.049,0.972,0.961
2017,5,0.997,0.964,0.968
2017,6,0.743,0.966,0.973
2017,7,0.83,0.949,0.979
2017,8,0.916,0.927,0.984
2017,9,0.792,0.903,0.989
2017,10,0.927,0.899,0.995
2017,11,0.865,0.888,0.998
2017,12,1.001,0.894,1
2018,1,0.872,0.894,1.003
2018,2,0.914,0.888,1.005
2018,3,0.93,0.89,1.007
2018,4,0.998,0.898,1.004
2018,5,0.862,0.895,1.006
2018,6,0.822,0.893,1
2018,7,0.831,0.899,0.994
2018,8,0.843,0.904,0.984
2018,9,0.82,0.928,0.976
2018,10,1.015,0.939,0.971
2018,11,0.828,0.945,0.968
2018,12,0.978,0.952,NaN
2019,1,0.947,0.964,NaN
2019,2,0.978,0.978,NaN
2019,3,1.219,0.989,NaN
2019,4,1.123,0.998,NaN
2019,5,0.941,1.013,NaN
2019,6,0.902,1.029,NaN
2019,7,0.971,1.049,NaN
2019,8,1.016,1.07,NaN
2019,9,0.953,1.066,NaN
2019,10,1.115,1.076,NaN
2019,11,1.017,1.085,NaN
2019,12,1.162,1.088,NaN
2020,1,1.197,1.087,NaN
2020,2,1.219,1.083,NaN
2020,3,1.176,1.088,NaN
2020,4,1.24,1.073,NaN
2020,5,1.057,1.08,NaN
2020,6,0.938,1.055,NaN
2020,7,0.952,1.029,NaN
2020,8,0.968,0.985,NaN
2020,9,1.021,0.96,NaN
2020,10,0.934,0.931,NaN
2020,11,1.096,0.914,NaN
2020,12,0.868,NaN,NaN
2021,1,0.883,NaN,NaN
2021,2,0.681,NaN,NaN
2021,3,0.881,NaN,NaN
2021,4,0.896,NaN,NaN
2021,5,0.855,NaN,NaN